{
  "project_info": {
    "project_number": "357580484443",
    "firebase_url": "https://led03012707.firebaseio.com",
    "project_id": "led03012707",
    "storage_bucket": "led03012707.appspot.com"
  },
  "client": [
    {
      "client_info": {
        "mobilesdk_app_id": "1:357580484443:android:4948bfc975ac525f",
        "android_client_info": {
          "package_name": "com.firebaseapp.iot.iot_usingfirebase"
        }
      },
      "oauth_client": [
        {
          "client_id": "357580484443-k43ba247ekpl5s5q93gj9n4jsin3b9c3.apps.googleusercontent.com",
          "client_type": 1,
          "android_info": {
            "package_name": "com.firebaseapp.iot.iot_usingfirebase",
            "certificate_hash": "9a6f676da5a517e7c7937396ea6e410551381ef9"
          }
        },
        {
          "client_id": "357580484443-rophamf2u4a4pv400jgqg300svofuqoj.apps.googleusercontent.com",
          "client_type": 3
        }
      ],
      "api_key": [
        {
          "current_key": "AIzaSyDzIjOegUi8_SAEvUz7Ne8FrSDwbzo-2Ms"
        }
      ],
      "services": {
        "analytics_service": {
          "status": 1
        },
        "appinvite_service": {
          "status": 2,
          "other_platform_oauth_client": [
            {
              "client_id": "357580484443-rophamf2u4a4pv400jgqg300svofuqoj.apps.googleusercontent.com",
              "client_type": 3
            }
          ]
        },
        "ads_service": {
          "status": 2
        }
      }
    },
    {
      "client_info": {
        "mobilesdk_app_id": "1:357580484443:android:ee19fc580b2e16cc",
        "android_client_info": {
          "package_name": "com.example.androidthings.button"
        }
      },
      "oauth_client": [
        {
          "client_id": "357580484443-cn709ljlfhvk209ja9d5knirdp6pcjjv.apps.googleusercontent.com",
          "client_type": 1,
          "android_info": {
            "package_name": "com.example.androidthings.button",
            "certificate_hash": "9a6f676da5a517e7c7937396ea6e410551381ef9"
          }
        },
        {
          "client_id": "357580484443-rophamf2u4a4pv400jgqg300svofuqoj.apps.googleusercontent.com",
          "client_type": 3
        }
      ],
      "api_key": [
        {
          "current_key": "AIzaSyDzIjOegUi8_SAEvUz7Ne8FrSDwbzo-2Ms"
        }
      ],
      "services": {
        "analytics_service": {
          "status": 1
        },
        "appinvite_service": {
          "status": 2,
          "other_platform_oauth_client": [
            {
              "client_id": "357580484443-rophamf2u4a4pv400jgqg300svofuqoj.apps.googleusercontent.com",
              "client_type": 3
            }
          ]
        },
        "ads_service": {
          "status": 2
        }
      }
    }
  ],
  "configuration_version": "1"
}